YEAR,TOURNAMENT_TYPE,TOURNAMENT,WINNER,NATIONALITY,AGE,HEIGHT
1950,Grand Slam,Australian Open,Frank Sedgman,AUS,(1927.10.02),Not available
1950,Grand Slam,Wimbledon,Budge Patty,USA,(1924.02.11),Not available
1950,Grand Slam,US Open,Arthur Larsen,USA,(1925.04.17),Not available
1951,Grand Slam,Australian Open,Dick Savitt,USA,(1927.03.04),Not available
1951,Grand Slam,French Open,Jaroslav Drobny,CZE,(1921.10.12),Not available
1951,Grand Slam,Wimbledon,Dick Savitt,USA,(1927.03.04),Not available
1951,Grand Slam,US Open,Frank Sedgman,AUS,(1927.10.02),Not available
1952,Grand Slam,Australian Open,Ken McGregor,AUS,(1929.06.02),Not available
1952,Grand Slam,French Open,Jaroslav Drobny,CZE,(1921.10.12),Not available
1952,Grand Slam,Wimbledon,Frank Sedgman,AUS,(1927.10.02),Not available
1952,Grand Slam,US Open,Frank Sedgman,AUS,(1927.10.02),Not available
1953,Grand Slam,Australian Open,Ken Rosewall,AUS,(1934.11.02),(170cm)
1953,Grand Slam,French Open,Ken Rosewall,AUS,(1934.11.02),(170cm)
1953,Grand Slam,Wimbledon,E. Victor Seixas,USA,(1923.08.30),(185cm)
1953,Grand Slam,US Open,Tony Trabert,USA,(1930.08.16),(185cm)
1954,Grand Slam,Australian Open,Mervyn Rose,AUS,(1930.01.23),Not available
1954,Grand Slam,French Open,Tony Trabert,USA,(1930.08.16),(185cm)
1954,Grand Slam,Wimbledon,Jaroslav Drobny,CZE,(1921.10.12),Not available
1954,Grand Slam,US Open,E. Victor Seixas,USA,(1923.08.30),(185cm)
1955,Grand Slam,Australian Open,Ken Rosewall,AUS,(1934.11.02),(170cm)
1955,Grand Slam,French Open,Tony Trabert,USA,(1930.08.16),(185cm)
1955,Grand Slam,Wimbledon,Tony Trabert,USA,(1930.08.16),(185cm)
1955,Grand Slam,US Open,Tony Trabert,USA,(1930.08.16),(185cm)
1956,Grand Slam,Australian Open,Lew Hoad,AUS,(1934.11.23),Not available
1956,Grand Slam,French Open,Lew Hoad,AUS,(1934.11.23),Not available
1956,Grand Slam,Wimbledon,Lew Hoad,AUS,(1934.11.23),Not available
1956,Grand Slam,US Open,Ken Rosewall,AUS,(1934.11.02),(170cm)
1957,Grand Slam,Australian Open,Ashley Cooper,AUS,(1936.09.15),Not available
1957,Grand Slam,French Open,Sven Davidson,SWE,(1928.07.13),Not available
1957,Grand Slam,Wimbledon,Lew Hoad,AUS,(1934.11.23),Not available
1957,Grand Slam,US Open,Mal Anderson,AUS,(1935.03.03),Not available
1958,Grand Slam,Australian Open,Ashley Cooper,AUS,(1936.09.15),Not available
1958,Grand Slam,French Open,Mervyn Rose,AUS,(1930.01.23),Not available
1958,Grand Slam,Wimbledon,Ashley Cooper,AUS,(1936.09.15),Not available
1958,Grand Slam,US Open,Ashley Cooper,AUS,(1936.09.15),Not available
1959,Grand Slam,Australian Open,Alejandro Olmedo,USA,(1936.03.24),Not available
1959,Grand Slam,French Open,Nicola Pietrangeli,ITA,(1933.09.11),Not available
1959,Grand Slam,Wimbledon,Alejandro Olmedo,USA,(1936.03.24),Not available
1959,Grand Slam,US Open,Neale Fraser,AUS,(1933.10.03),Not available
1960,Grand Slam,Australian Open,Rod Laver,AUS,(1938.08.09),(173cm)
1960,Grand Slam,French Open,Nicola Pietrangeli,ITA,(1933.09.11),Not available
1960,Grand Slam,Wimbledon,Neale Fraser,AUS,(1933.10.03),Not available
1960,Grand Slam,US Open,Neale Fraser,AUS,(1933.10.03),Not available
1961,Grand Slam,Australian Open,Roy Emerson,AUS,(1936.11.03),(183cm)
1961,Grand Slam,French Open,Manuel Santana,ESP,(1938.05.10),Not available
1961,Grand Slam,Wimbledon,Rod Laver,AUS,(1938.08.09),(173cm)
1961,Grand Slam,US Open,Roy Emerson,AUS,(1936.11.03),(183cm)
1962,Grand Slam,Australian Open,Rod Laver,AUS,(1938.08.09),(173cm)
1962,Grand Slam,French Open,Rod Laver,AUS,(1938.08.09),(173cm)
1962,Grand Slam,Wimbledon,Rod Laver,AUS,(1938.08.09),(173cm)
1962,Grand Slam,US Open,Rod Laver,AUS,(1938.08.09),(173cm)
1963,Grand Slam,Australian Open,Roy Emerson,AUS,(1936.11.03),(183cm)
1963,Grand Slam,French Open,Roy Emerson,AUS,(1936.11.03),(183cm)
1963,Grand Slam,Wimbledon,Chuck McKinley,USA,(1941.01.05),(173cm)
1963,Grand Slam,US Open,Rafael Osuna,MEX,(1938.09.15),Not available
1964,Grand Slam,Australian Open,Roy Emerson,AUS,(1936.11.03),(183cm)
1964,Grand Slam,French Open,Manuel Santana,ESP,(1938.05.10),Not available
1964,Grand Slam,Wimbledon,Roy Emerson,AUS,(1936.11.03),(183cm)
1964,Grand Slam,US Open,Roy Emerson,AUS,(1936.11.03),(183cm)
1965,Grand Slam,Australian Open,Roy Emerson,AUS,(1936.11.03),(183cm)
1965,Grand Slam,French Open,Fred Stolle,AUS,(1938.10.08),(191cm)
1965,Grand Slam,Wimbledon,Roy Emerson,AUS,(1936.11.03),(183cm)
1965,Grand Slam,US Open,Manuel Santana,ESP,(1938.05.10),Not available
1966,Grand Slam,Australian Open,Roy Emerson,AUS,(1936.11.03),(183cm)
1966,Grand Slam,French Open,Tony Roche,AUS,(1945.05.17),(178cm)
1966,Grand Slam,Wimbledon,Manuel Santana,ESP,(1938.05.10),Not available
1966,Grand Slam,US Open,Fred Stolle,AUS,(1938.10.08),(191cm)
1967,Grand Slam,Australian Open,Roy Emerson,AUS,(1936.11.03),(183cm)
1967,Grand Slam,French Open,Roy Emerson,AUS,(1936.11.03),(183cm)
1967,Grand Slam,Wimbledon,John Newcombe,AUS,(1944.05.23),(183cm)
1967,Grand Slam,US Open,John Newcombe,AUS,(1944.05.23),(183cm)
1968,Grand Slam,Australian Open,Bill Bowrey,AUS,(1943.12.25),Not available
1968,Grand Slam,French Open,Ken Rosewall,AUS,(1934.11.02),(170cm)
1968,Grand Slam,Wimbledon,Rod Laver,AUS,(1938.08.09),(173cm)
1968,Grand Slam,US Open,Arthur Ashe,USA,(1943.07.10),(185cm)
1968,Masters 1000,Monte-Carlo Masters,Nicola Pietrangeli,ITA,(1933.09.11),Not available
1968,Masters 1000,Italian Open,Tom Okker,NED,(1944.02.22),(178cm)
1968,Masters 1000,Canadian Open,Ramanathan Krishnan,IND,(1937.04.11),Not available
1969,Grand Slam,Australian Open,Rod Laver,AUS,(1938.08.09),(173cm)
1969,Grand Slam,French Open,Rod Laver,AUS,(1938.08.09),(173cm)
1969,Grand Slam,Wimbledon,Rod Laver,AUS,(1938.08.09),(173cm)
1969,Grand Slam,US Open,Rod Laver,AUS,(1938.08.09),(173cm)
1969,Masters 1000,Monte-Carlo Masters,Tom Okker,NED,(1944.02.22),(178cm)
1969,Masters 1000,Italian Open,John Newcombe,AUS,(1944.05.23),(183cm)
1969,Masters 1000,Canadian Open,Cliff Richey,USA,(1946.12.31),(175cm)
1969,Masters 1000,Cincinnati Masters,Cliff Richey,USA,(1946.12.31),(175cm)
1970,Grand Slam,Australian Open,Arthur Ashe,USA,(1943.07.10),(185cm)
1970,Grand Slam,French Open,Jan Kodes,CZE,(1946.03.01),(175cm)
1970,Grand Slam,Wimbledon,John Newcombe,AUS,(1944.05.23),(183cm)
1970,Grand Slam,US Open,Ken Rosewall,AUS,(1934.11.02),(170cm)
1970,Masters 1000,Monte-Carlo Masters,Zeljko Franulovic,CRO,(1947.06.13),Not available
1970,Masters 1000,Italian Open,Ilie Nastase,ROU,(1946.07.19),(183cm)
1970,Masters 1000,Canadian Open,Rod Laver,AUS,(1938.08.09),(173cm)
1970,Masters 1000,Cincinnati Masters,Ken Rosewall,AUS,(1934.11.02),(170cm)
1971,Grand Slam,Australian Open,Ken Rosewall,AUS,(1934.11.02),(170cm)
1971,Grand Slam,French Open,Jan Kodes,CZE,(1946.03.01),(175cm)
1971,Grand Slam,Wimbledon,John Newcombe,AUS,(1944.05.23),(183cm)
1971,Grand Slam,US Open,Stan Smith,USA,(1946.12.14),(193cm)
1971,Masters 1000,Monte-Carlo Masters,Ilie Nastase,ROU,(1946.07.19),(183cm)
1971,Masters 1000,Italian Open,Rod Laver,AUS,(1938.08.09),(173cm)
1971,Masters 1000,Canadian Open,John Newcombe,AUS,(1944.05.23),(183cm)
1971,Masters 1000,Cincinnati Masters,Stan Smith,USA,(1946.12.14),(193cm)
1972,Grand Slam,Australian Open,Ken Rosewall,AUS,(1934.11.02),(170cm)
1972,Grand Slam,French Open,Andres Gimeno,ESP,(1937.08.03),(185cm)
1972,Grand Slam,Wimbledon,Stan Smith,USA,(1946.12.14),(193cm)
1972,Grand Slam,US Open,Ilie Nastase,ROU,(1946.07.19),(183cm)
1972,Masters 1000,Monte-Carlo Masters,Ilie Nastase,ROU,(1946.07.19),(183cm)
1972,Masters 1000,Italian Open,Manuel Orantes,ESP,(1949.02.06),(178cm)
1972,Masters 1000,Canadian Open,Ilie Nastase,ROU,(1946.07.19),(183cm)
1972,Masters 1000,Cincinnati Masters,Jimmy Connors,USA,(1952.09.02),(178cm)
1973,Grand Slam,Australian Open,John Newcombe,AUS,(1944.05.23),(183cm)
1973,Grand Slam,French Open,Ilie Nastase,ROU,(1946.07.19),(183cm)
1973,Grand Slam,Wimbledon,Jan Kodes,CZE,(1946.03.01),(175cm)
1973,Grand Slam,US Open,John Newcombe,AUS,(1944.05.23),(183cm)
1973,Masters 1000,Monte-Carlo Masters,Ilie Nastase,ROU,(1946.07.19),(183cm)
1973,Masters 1000,Italian Open,Ilie Nastase,ROU,(1946.07.19),(183cm)
1973,Masters 1000,Canadian Open,Tom Okker,NED,(1944.02.22),(178cm)
1973,Masters 1000,Cincinnati Masters,Ilie Nastase,ROU,(1946.07.19),(183cm)
1974,Grand Slam,Australian Open,Jimmy Connors,USA,(1952.09.02),(178cm)
1974,Grand Slam,French Open,Bjorn Borg,SWE,(1956.06.06),(180cm)
1974,Grand Slam,Wimbledon,Jimmy Connors,USA,(1952.09.02),(178cm)
1974,Grand Slam,US Open,Jimmy Connors,USA,(1952.09.02),(178cm)
1974,Masters 1000,Monte-Carlo Masters,Andrew Pattison,ZIM,(1949.01.30),(188cm)
1974,Masters 1000,Italian Open,Bjorn Borg,SWE,(1956.06.06),(180cm)
1974,Masters 1000,Canadian Open,Guillermo Vilas,ARG,(1952.08.17),(180cm)
1974,Masters 1000,Cincinnati Masters,Marty Riessen,USA,(1941.12.04),(185cm)
1975,Grand Slam,Australian Open,John Newcombe,AUS,(1944.05.23),(183cm)
1975,Grand Slam,French Open,Bjorn Borg,SWE,(1956.06.06),(180cm)
1975,Grand Slam,Wimbledon,Arthur Ashe,USA,(1943.07.10),(185cm)
1975,Grand Slam,US Open,Manuel Orantes,ESP,(1949.02.06),(178cm)
1975,Masters 1000,Monte-Carlo Masters,Manuel Orantes,ESP,(1949.02.06),(178cm)
1975,Masters 1000,Italian Open,Raul Ramirez,MEX,(1953.06.20),(183cm)
1975,Masters 1000,Canadian Open,Manuel Orantes,ESP,(1949.02.06),(178cm)
1975,Masters 1000,Cincinnati Masters,Tom Gorman,USA,(1946.01.19),(180cm)
1976,Grand Slam,Australian Open,Mark Edmondson,AUS,(1954.06.28),(185cm)
1976,Grand Slam,French Open,Adriano Panatta,ITA,(1950.07.09),(183cm)
1976,Grand Slam,Wimbledon,Bjorn Borg,SWE,(1956.06.06),(180cm)
1976,Grand Slam,US Open,Jimmy Connors,USA,(1952.09.02),(178cm)
1976,Masters 1000,Indian Wells Masters,Jimmy Connors,USA,(1952.09.02),(178cm)
1976,Masters 1000,Monte-Carlo Masters,Guillermo Vilas,ARG,(1952.08.17),(180cm)
1976,Masters 1000,Italian Open,Adriano Panatta,ITA,(1950.07.09),(183cm)
1976,Masters 1000,Canadian Open,Guillermo Vilas,ARG,(1952.08.17),(180cm)
1976,Masters 1000,Cincinnati Masters,Roscoe Tanner,USA,(1951.10.15),(183cm)
1977,Grand Slam,Australian Open,Roscoe Tanner,USA,(1951.10.15),(183cm)
1977,Grand Slam,French Open,Guillermo Vilas,ARG,(1952.08.17),(180cm)
1977,Grand Slam,Wimbledon,Bjorn Borg,SWE,(1956.06.06),(180cm)
1977,Grand Slam,US Open,Guillermo Vilas,ARG,(1952.08.17),(180cm)
1977,Masters 1000,Indian Wells Masters,Brian Gottfried,USA,(1952.01.27),(183cm)
1977,Masters 1000,Monte-Carlo Masters,Bjorn Borg,SWE,(1956.06.06),(180cm)
1977,Masters 1000,Italian Open,Vitas Gerulaitis,USA,(1954.07.26),(183cm)
1977,Masters 1000,Canadian Open,Jeff Borowiak,USA,(1949.09.25),(193cm)
1977,Masters 1000,Cincinnati Masters,Harold Solomon,USA,(1952.09.17),(168cm)
1978,Grand Slam,Australian Open,Guillermo Vilas,ARG,(1952.08.17),(180cm)
1978,Grand Slam,French Open,Bjorn Borg,SWE,(1956.06.06),(180cm)
1978,Grand Slam,Wimbledon,Bjorn Borg,SWE,(1956.06.06),(180cm)
1978,Grand Slam,US Open,Jimmy Connors,USA,(1952.09.02),(178cm)
1978,Masters 1000,Indian Wells Masters,Roscoe Tanner,USA,(1951.10.15),(183cm)
1978,Masters 1000,Monte-Carlo Masters,Raul Ramirez,MEX,(1953.06.20),(183cm)
1978,Masters 1000,Italian Open,Bjorn Borg,SWE,(1956.06.06),(180cm)
1978,Masters 1000,Canadian Open,Eddie Dibbs,USA,(1951.02.23),(170cm)
1978,Masters 1000,Cincinnati Masters,Eddie Dibbs,USA,(1951.02.23),(170cm)
1979,Grand Slam,Australian Open,Guillermo Vilas,ARG,(1952.08.17),(180cm)
1979,Grand Slam,French Open,Bjorn Borg,SWE,(1956.06.06),(180cm)
1979,Grand Slam,Wimbledon,Bjorn Borg,SWE,(1956.06.06),(180cm)
1979,Grand Slam,US Open,John McEnroe,USA,(1959.02.16),(180cm)
1979,Masters 1000,Indian Wells Masters,Roscoe Tanner,USA,(1951.10.15),(183cm)
1979,Masters 1000,Monte-Carlo Masters,Bjorn Borg,SWE,(1956.06.06),(180cm)
1979,Masters 1000,Italian Open,Vitas Gerulaitis,USA,(1954.07.26),(183cm)
1979,Masters 1000,Canadian Open,Bjorn Borg,SWE,(1956.06.06),(180cm)
1979,Masters 1000,Cincinnati Masters,Peter Fleming,USA,(1955.01.21),(196cm)
1980,Grand Slam,Australian Open,Brian Teacher,USA,(1954.12.23),(191cm)
1980,Grand Slam,French Open,Bjorn Borg,SWE,(1956.06.06),(180cm)
1980,Grand Slam,Wimbledon,Bjorn Borg,SWE,(1956.06.06),(180cm)
1980,Grand Slam,US Open,John McEnroe,USA,(1959.02.16),(180cm)
1980,Masters 1000,Monte-Carlo Masters,Bjorn Borg,SWE,(1956.06.06),(180cm)
1980,Masters 1000,Italian Open,Guillermo Vilas,ARG,(1952.08.17),(180cm)
1980,Masters 1000,Canadian Open,Ivan Lendl,USA,(1960.03.07),(188cm)
1980,Masters 1000,Cincinnati Masters,Harold Solomon,USA,(1952.09.17),(168cm)
1981,Grand Slam,Australian Open,Johan Kriek,USA,(1958.04.05),(175cm)
1981,Grand Slam,French Open,Bjorn Borg,SWE,(1956.06.06),(180cm)
1981,Grand Slam,Wimbledon,John McEnroe,USA,(1959.02.16),(180cm)
1981,Grand Slam,US Open,John McEnroe,USA,(1959.02.16),(180cm)
1981,Masters 1000,Indian Wells Masters,Jimmy Connors,USA,(1952.09.02),(178cm)
1981,Masters 1000,Monte-Carlo Masters,Heinz Gunthardt,SUI,(1959.02.08),(180cm)
1981,Masters 1000,Italian Open,Jose-Luis Clerc,ARG,(1958.08.16),(185cm)
1981,Masters 1000,Canadian Open,Ivan Lendl,USA,(1960.03.07),(188cm)
1981,Masters 1000,Cincinnati Masters,John McEnroe,USA,(1959.02.16),(180cm)
1982,Grand Slam,Australian Open,Johan Kriek,USA,(1958.04.05),(175cm)
1982,Grand Slam,French Open,Mats Wilander,SWE,(1964.08.22),(183cm)
1982,Grand Slam,Wimbledon,Jimmy Connors,USA,(1952.09.02),(178cm)
1982,Grand Slam,US Open,Jimmy Connors,USA,(1952.09.02),(178cm)
1982,Masters 1000,Indian Wells Masters,Yannick Noah,FRA,(1960.05.18),(193cm)
1982,Masters 1000,Monte-Carlo Masters,Guillermo Vilas,ARG,(1952.08.17),(180cm)
1982,Masters 1000,Italian Open,Andres Gomez,ECU,(1960.02.27),(193cm)
1982,Masters 1000,Canadian Open,Vitas Gerulaitis,USA,(1954.07.26),(183cm)
1982,Masters 1000,Cincinnati Masters,Ivan Lendl,USA,(1960.03.07),(188cm)
1983,Grand Slam,Australian Open,Mats Wilander,SWE,(1964.08.22),(183cm)
1983,Grand Slam,French Open,Yannick Noah,FRA,(1960.05.18),(193cm)
1983,Grand Slam,Wimbledon,John McEnroe,USA,(1959.02.16),(180cm)
1983,Grand Slam,US Open,Jimmy Connors,USA,(1952.09.02),(178cm)
1983,Masters 1000,Indian Wells Masters,Jose Higueras,ESP,(1953.03.01),(178cm)
1983,Masters 1000,Monte-Carlo Masters,Mats Wilander,SWE,(1964.08.22),(183cm)
1983,Masters 1000,Italian Open,Jimmy Arias,USA,(1964.08.16),(175cm)
1983,Masters 1000,Canadian Open,Ivan Lendl,USA,(1960.03.07),(188cm)
1983,Masters 1000,Cincinnati Masters,Mats Wilander,SWE,(1964.08.22),(183cm)
1984,Grand Slam,Australian Open,Mats Wilander,SWE,(1964.08.22),(183cm)
1984,Grand Slam,French Open,Ivan Lendl,USA,(1960.03.07),(188cm)
1984,Grand Slam,Wimbledon,John McEnroe,USA,(1959.02.16),(180cm)
1984,Grand Slam,US Open,John McEnroe,USA,(1959.02.16),(180cm)
1984,Masters 1000,Indian Wells Masters,Jimmy Connors,USA,(1952.09.02),(178cm)
1984,Masters 1000,Monte-Carlo Masters,Henrik Sundstrom,SWE,(1964.02.29),(188cm)
1984,Masters 1000,Italian Open,Andres Gomez,ECU,(1960.02.27),(193cm)
1984,Masters 1000,Canadian Open,John McEnroe,USA,(1959.02.16),(180cm)
1984,Masters 1000,Cincinnati Masters,Mats Wilander,SWE,(1964.08.22),(183cm)
1985,Grand Slam,Australian Open,Stefan Edberg,SWE,(1966.01.19),(188cm)
1985,Grand Slam,French Open,Mats Wilander,SWE,(1964.08.22),(183cm)
1985,Grand Slam,Wimbledon,Boris Becker,GER,(1967.11.22),(191cm)
1985,Grand Slam,US Open,Ivan Lendl,USA,(1960.03.07),(188cm)
1985,Masters 1000,Indian Wells Masters,Larry Stefanki,USA,(1957.07.23),(178cm)
1985,Masters 1000,Miami Open,Tim Mayotte,USA,(1960.08.03),(191cm)
1985,Masters 1000,Monte-Carlo Masters,Ivan Lendl,USA,(1960.03.07),(188cm)
1985,Masters 1000,Italian Open,Yannick Noah,FRA,(1960.05.18),(193cm)
1985,Masters 1000,Canadian Open,John McEnroe,USA,(1959.02.16),(180cm)
1985,Masters 1000,Cincinnati Masters,Boris Becker,GER,(1967.11.22),(191cm)
1986,Grand Slam,French Open,Ivan Lendl,USA,(1960.03.07),(188cm)
1986,Grand Slam,Wimbledon,Boris Becker,GER,(1967.11.22),(191cm)
1986,Grand Slam,US Open,Ivan Lendl,USA,(1960.03.07),(188cm)
1986,Masters 1000,Indian Wells Masters,Joakim Nystrom,SWE,(1963.02.20),(188cm)
1986,Masters 1000,Miami Open,Ivan Lendl,USA,(1960.03.07),(188cm)
1986,Masters 1000,Monte-Carlo Masters,Joakim Nystrom,SWE,(1963.02.20),(188cm)
1986,Masters 1000,Italian Open,Ivan Lendl,USA,(1960.03.07),(188cm)
1986,Masters 1000,Canadian Open,Boris Becker,GER,(1967.11.22),(191cm)
1986,Masters 1000,Cincinnati Masters,Mats Wilander,SWE,(1964.08.22),(183cm)
1986,Masters 1000,Paris Masters,Boris Becker,GER,(1967.11.22),(191cm)
1987,Grand Slam,Australian Open,Stefan Edberg,SWE,(1966.01.19),(188cm)
1987,Grand Slam,French Open,Ivan Lendl,USA,(1960.03.07),(188cm)
1987,Grand Slam,Wimbledon,Pat Cash,AUS,(1965.05.27),(183cm)
1987,Grand Slam,US Open,Ivan Lendl,USA,(1960.03.07),(188cm)
1987,Masters 1000,Indian Wells Masters,Boris Becker,GER,(1967.11.22),(191cm)
1987,Masters 1000,Miami Open,Miloslav Mecir Sr.,Not available,Not available,Not available
1987,Masters 1000,Monte-Carlo Masters,Mats Wilander,SWE,(1964.08.22),(183cm)
1987,Masters 1000,Italian Open,Mats Wilander,SWE,(1964.08.22),(183cm)
1987,Masters 1000,Canadian Open,Ivan Lendl,USA,(1960.03.07),(188cm)
1987,Masters 1000,Cincinnati Masters,Stefan Edberg,SWE,(1966.01.19),(188cm)
1987,Masters 1000,Paris Masters,Tim Mayotte,USA,(1960.08.03),(191cm)
1988,Grand Slam,Australian Open,Mats Wilander,SWE,(1964.08.22),(183cm)
1988,Grand Slam,French Open,Mats Wilander,SWE,(1964.08.22),(183cm)
1988,Grand Slam,Wimbledon,Stefan Edberg,SWE,(1966.01.19),(188cm)
1988,Grand Slam,US Open,Mats Wilander,SWE,(1964.08.22),(183cm)
1988,Masters 1000,Indian Wells Masters,Boris Becker,GER,(1967.11.22),(191cm)
1988,Masters 1000,Miami Open,Mats Wilander,SWE,(1964.08.22),(183cm)
1988,Masters 1000,Monte-Carlo Masters,Ivan Lendl,USA,(1960.03.07),(188cm)
1988,Masters 1000,Italian Open,Ivan Lendl,USA,(1960.03.07),(188cm)
1988,Masters 1000,Canadian Open,Ivan Lendl,USA,(1960.03.07),(188cm)
1988,Masters 1000,Cincinnati Masters,Mats Wilander,SWE,(1964.08.22),(183cm)
1988,Masters 1000,Paris Masters,Amos Mansdorf,ISR,(1965.10.20),(175cm)
1989,Grand Slam,Australian Open,Ivan Lendl,USA,(1960.03.07),(188cm)
1989,Grand Slam,French Open,Michael Chang,USA,(1972.02.22),(175cm)
1989,Grand Slam,Wimbledon,Boris Becker,GER,(1967.11.22),(191cm)
1989,Grand Slam,US Open,Boris Becker,GER,(1967.11.22),(191cm)
1989,Masters 1000,Indian Wells Masters,Miloslav Mecir Sr.,Not available,Not available,Not available
1989,Masters 1000,Miami Open,Ivan Lendl,USA,(1960.03.07),(188cm)
1989,Masters 1000,Monte-Carlo Masters,Alberto Mancini,ARG,(1969.05.20),(180cm)
1989,Masters 1000,Italian Open,Alberto Mancini,ARG,(1969.05.20),(180cm)
1989,Masters 1000,Canadian Open,Ivan Lendl,USA,(1960.03.07),(188cm)
1989,Masters 1000,Cincinnati Masters,Brad Gilbert,USA,(1961.08.09),(185cm)
1989,Masters 1000,Paris Masters,Boris Becker,GER,(1967.11.22),(191cm)
1990,Grand Slam,Australian Open,Ivan Lendl,USA,(1960.03.07),(188cm)
1990,Grand Slam,French Open,Andres Gomez,ECU,(1960.02.27),(193cm)
1990,Grand Slam,Wimbledon,Stefan Edberg,SWE,(1966.01.19),(188cm)
1990,Grand Slam,US Open,Pete Sampras,USA,(1971.08.12),(185cm)
1990,Masters 1000,Indian Wells Masters,Stefan Edberg,SWE,(1966.01.19),(188cm)
1990,Masters 1000,Miami Open,Andre Agassi,USA,(1970.04.29),(180cm)
1990,Masters 1000,Monte-Carlo Masters,Andrei Chesnokov,Not available,(1966.02.02),(188cm)
1990,Masters 1000,Italian Open,Thomas Muster,AUT,(1967.10.02),(180cm)
1990,Masters 1000,Canadian Open,Michael Chang,USA,(1972.02.22),(175cm)
1990,Masters 1000,Cincinnati Masters,Stefan Edberg,SWE,(1966.01.19),(188cm)
1990,Masters 1000,Paris Masters,Stefan Edberg,SWE,(1966.01.19),(188cm)
1991,Grand Slam,Australian Open,Boris Becker,GER,(1967.11.22),(191cm)
1991,Grand Slam,French Open,Jim Courier,USA,(1970.08.17),(185cm)
1991,Grand Slam,Wimbledon,Michael Stich,GER,(1968.10.18),(193cm)
1991,Grand Slam,US Open,Stefan Edberg,SWE,(1966.01.19),(188cm)
1991,Masters 1000,Indian Wells Masters,Jim Courier,USA,(1970.08.17),(185cm)
1991,Masters 1000,Miami Open,Jim Courier,USA,(1970.08.17),(185cm)
1991,Masters 1000,Monte-Carlo Masters,Sergi Bruguera,ESP,(1971.01.16),(188cm)
1991,Masters 1000,Italian Open,Emilio Sanchez,ESP,(1965.05.29),(180cm)
1991,Masters 1000,Canadian Open,Andrei Chesnokov,Not available,(1966.02.02),(188cm)
1991,Masters 1000,Cincinnati Masters,Guy Forget,FRA,(1965.01.04),(191cm)
1991,Masters 1000,Paris Masters,Guy Forget,FRA,(1965.01.04),(191cm)
1992,Grand Slam,Australian Open,Jim Courier,USA,(1970.08.17),(185cm)
1992,Grand Slam,French Open,Jim Courier,USA,(1970.08.17),(185cm)
1992,Grand Slam,Wimbledon,Andre Agassi,USA,(1970.04.29),(180cm)
1992,Grand Slam,US Open,Stefan Edberg,SWE,(1966.01.19),(188cm)
1992,Masters 1000,Indian Wells Masters,Michael Chang,USA,(1972.02.22),(175cm)
1992,Masters 1000,Miami Open,Michael Chang,USA,(1972.02.22),(175cm)
1992,Masters 1000,Monte-Carlo Masters,Thomas Muster,AUT,(1967.10.02),(180cm)
1992,Masters 1000,Italian Open,Jim Courier,USA,(1970.08.17),(185cm)
1992,Masters 1000,Canadian Open,Andre Agassi,USA,(1970.04.29),(180cm)
1992,Masters 1000,Cincinnati Masters,Pete Sampras,USA,(1971.08.12),(185cm)
1992,Masters 1000,Paris Masters,Boris Becker,GER,(1967.11.22),(191cm)
1994,Grand Slam,Australian Open,Pete Sampras,USA,(1971.08.12),(185cm)
1994,Grand Slam,French Open,Sergi Bruguera,ESP,(1971.01.16),(188cm)
1994,Grand Slam,Wimbledon,Pete Sampras,USA,(1971.08.12),(185cm)
1994,Grand Slam,US Open,Andre Agassi,USA,(1970.04.29),(180cm)
1994,Masters 1000,Indian Wells Masters,Pete Sampras,USA,(1971.08.12),(185cm)
1994,Masters 1000,Miami Open,Pete Sampras,USA,(1971.08.12),(185cm)
1994,Masters 1000,Monte-Carlo Masters,Andrei Medvedev,UKR,(1974.08.31),(193cm)
1994,Masters 1000,Italian Open,Pete Sampras,USA,(1971.08.12),(185cm)
1994,Masters 1000,Canadian Open,Andre Agassi,USA,(1970.04.29),(180cm)
1994,Masters 1000,Cincinnati Masters,Michael Chang,USA,(1972.02.22),(175cm)
1994,Masters 1000,Paris Masters,Andre Agassi,USA,(1970.04.29),(180cm)
1995,Grand Slam,Australian Open,Andre Agassi,USA,(1970.04.29),(180cm)
1995,Grand Slam,French Open,Thomas Muster,AUT,(1967.10.02),(180cm)
1995,Grand Slam,Wimbledon,Pete Sampras,USA,(1971.08.12),(185cm)
1995,Grand Slam,US Open,Pete Sampras,USA,(1971.08.12),(185cm)
1995,Masters 1000,Indian Wells Masters,Pete Sampras,USA,(1971.08.12),(185cm)
1995,Masters 1000,Miami Open,Andre Agassi,USA,(1970.04.29),(180cm)
1995,Masters 1000,Monte-Carlo Masters,Thomas Muster,AUT,(1967.10.02),(180cm)
1995,Masters 1000,Italian Open,Thomas Muster,AUT,(1967.10.02),(180cm)
1995,Masters 1000,Canadian Open,Andre Agassi,USA,(1970.04.29),(180cm)
1995,Masters 1000,Cincinnati Masters,Andre Agassi,USA,(1970.04.29),(180cm)
1995,Masters 1000,Paris Masters,Pete Sampras,USA,(1971.08.12),(185cm)
1996,Grand Slam,Australian Open,Boris Becker,GER,(1967.11.22),(191cm)
1996,Grand Slam,French Open,Yevgeny Kafelnikov,Not available,(1974.02.18),(191cm)
1996,Grand Slam,Wimbledon,Richard Krajicek,NED,(1971.12.06),(196cm)
1996,Grand Slam,US Open,Pete Sampras,USA,(1971.08.12),(185cm)
1996,Masters 1000,Indian Wells Masters,Michael Chang,USA,(1972.02.22),(175cm)
1996,Masters 1000,Miami Open,Andre Agassi,USA,(1970.04.29),(180cm)
1996,Masters 1000,Monte-Carlo Masters,Thomas Muster,AUT,(1967.10.02),(180cm)
1996,Masters 1000,Italian Open,Thomas Muster,AUT,(1967.10.02),(180cm)
1996,Masters 1000,Canadian Open,Wayne Ferreira,RSA,(1971.09.15),(185cm)
1996,Masters 1000,Cincinnati Masters,Andre Agassi,USA,(1970.04.29),(180cm)
1996,Masters 1000,Paris Masters,Thomas Enqvist,SWE,(1974.03.13),(191cm)
1997,Grand Slam,Australian Open,Pete Sampras,USA,(1971.08.12),(185cm)
1997,Grand Slam,French Open,Gustavo Kuerten,BRA,(1976.09.10),(191cm)
1997,Grand Slam,Wimbledon,Pete Sampras,USA,(1971.08.12),(185cm)
1997,Grand Slam,US Open,Patrick Rafter,AUS,(1972.12.28),(185cm)
1997,Masters 1000,Indian Wells Masters,Michael Chang,USA,(1972.02.22),(175cm)
1997,Masters 1000,Miami Open,Thomas Muster,AUT,(1967.10.02),(180cm)
1997,Masters 1000,Monte-Carlo Masters,Marcelo Rios,CHI,(1975.12.26),(175cm)
1997,Masters 1000,Italian Open,Alex Corretja,ESP,(1974.04.11),(180cm)
1997,Masters 1000,Canadian Open,Chris Woodruff,USA,(1973.01.02),(188cm)
1997,Masters 1000,Cincinnati Masters,Pete Sampras,USA,(1971.08.12),(185cm)
1997,Masters 1000,Paris Masters,Pete Sampras,USA,(1971.08.12),(185cm)
1998,Grand Slam,Australian Open,Petr Korda,CZE,(1968.01.23),(191cm)
1998,Grand Slam,French Open,Carlos Moya,ESP,(1976.08.27),(191cm)
1998,Grand Slam,Wimbledon,Pete Sampras,USA,(1971.08.12),(185cm)
1998,Grand Slam,US Open,Patrick Rafter,AUS,(1972.12.28),(185cm)
1998,Masters 1000,Indian Wells Masters,Marcelo Rios,CHI,(1975.12.26),(175cm)
1998,Masters 1000,Miami Open,Marcelo Rios,CHI,(1975.12.26),(175cm)
1998,Masters 1000,Monte-Carlo Masters,Carlos Moya,ESP,(1976.08.27),(191cm)
1998,Masters 1000,Italian Open,Marcelo Rios,CHI,(1975.12.26),(175cm)
1998,Masters 1000,Canadian Open,Patrick Rafter,AUS,(1972.12.28),(185cm)
1998,Masters 1000,Cincinnati Masters,Patrick Rafter,AUS,(1972.12.28),(185cm)
1998,Masters 1000,Paris Masters,Greg Rusedski,GBR,(1973.09.06),(193cm)
1999,Grand Slam,Australian Open,Yevgeny Kafelnikov,Not available,(1974.02.18),(191cm)
1999,Grand Slam,French Open,Andre Agassi,USA,(1970.04.29),(180cm)
1999,Grand Slam,Wimbledon,Pete Sampras,USA,(1971.08.12),(185cm)
1999,Grand Slam,US Open,Andre Agassi,USA,(1970.04.29),(180cm)
1999,Masters 1000,Indian Wells Masters,Mark Philippoussis,AUS,(1976.11.07),(196cm)
1999,Masters 1000,Miami Open,Richard Krajicek,NED,(1971.12.06),(196cm)
1999,Masters 1000,Monte-Carlo Masters,Gustavo Kuerten,BRA,(1976.09.10),(191cm)
1999,Masters 1000,Italian Open,Gustavo Kuerten,BRA,(1976.09.10),(191cm)
1999,Masters 1000,Canadian Open,Thomas Johansson,SWE,(1975.03.24),(180cm)
1999,Masters 1000,Cincinnati Masters,Pete Sampras,USA,(1971.08.12),(185cm)
1999,Masters 1000,Paris Masters,Andre Agassi,USA,(1970.04.29),(180cm)
2000,Grand Slam,Australian Open,Andre Agassi,USA,(1970.04.29),(180cm)
2000,Grand Slam,French Open,Gustavo Kuerten,BRA,(1976.09.10),(191cm)
2000,Grand Slam,Wimbledon,Pete Sampras,USA,(1971.08.12),(185cm)
2000,Grand Slam,US Open,Marat Safin,Not available,(1980.01.27),(193cm)
2000,Masters 1000,Indian Wells Masters,Alex Corretja,ESP,(1974.04.11),(180cm)
2000,Masters 1000,Miami Open,Pete Sampras,USA,(1971.08.12),(185cm)
2000,Masters 1000,Monte-Carlo Masters,Cedric Pioline,FRA,(1969.06.15),(188cm)
2000,Masters 1000,Italian Open,Magnus Norman,SWE,(1976.05.30),(188cm)
2000,Masters 1000,Canadian Open,Marat Safin,Not available,(1980.01.27),(193cm)
2000,Masters 1000,Cincinnati Masters,Thomas Enqvist,SWE,(1974.03.13),(191cm)
2000,Masters 1000,Paris Masters,Marat Safin,Not available,(1980.01.27),(193cm)
2001,Grand Slam,Australian Open,Andre Agassi,USA,(1970.04.29),(180cm)
2001,Grand Slam,French Open,Gustavo Kuerten,BRA,(1976.09.10),(191cm)
2001,Grand Slam,Wimbledon,Goran Ivanisevic,CRO,(1971.09.13),(193cm)
2001,Grand Slam,US Open,Lleyton Hewitt,AUS,(1981.02.24),(178cm)
2001,Masters 1000,Indian Wells Masters,Andre Agassi,USA,(1970.04.29),(180cm)
2001,Masters 1000,Miami Open,Andre Agassi,USA,(1970.04.29),(180cm)
2001,Masters 1000,Monte-Carlo Masters,Gustavo Kuerten,BRA,(1976.09.10),(191cm)
2001,Masters 1000,Italian Open,Juan Carlos Ferrero,ESP,(1980.02.12),(183cm)
2001,Masters 1000,Canadian Open,Andrei Pavel,ROU,(1974.01.27),(183cm)
2001,Masters 1000,Cincinnati Masters,Gustavo Kuerten,BRA,(1976.09.10),(191cm)
2001,Masters 1000,Paris Masters,Sebastien Grosjean,FRA,(1978.05.29),(175cm)
2002,Grand Slam,Australian Open,Thomas Johansson,SWE,(1975.03.24),(180cm)
2002,Grand Slam,French Open,Albert Costa,ESP,(1975.06.25),(180cm)
2002,Grand Slam,Wimbledon,Lleyton Hewitt,AUS,(1981.02.24),(178cm)
2002,Grand Slam,US Open,Pete Sampras,USA,(1971.08.12),(185cm)
2002,Masters 1000,Indian Wells Masters,Lleyton Hewitt,AUS,(1981.02.24),(178cm)
2002,Masters 1000,Miami Open,Andre Agassi,USA,(1970.04.29),(180cm)
2002,Masters 1000,Monte-Carlo Masters,Juan Carlos Ferrero,ESP,(1980.02.12),(183cm)
2002,Masters 1000,Madrid Open,Andre Agassi,USA,(1970.04.29),(180cm)
2002,Masters 1000,Italian Open,Andre Agassi,USA,(1970.04.29),(180cm)
2002,Masters 1000,Canadian Open,Guillermo Canas,ARG,(1977.11.25),(185cm)
2002,Masters 1000,Cincinnati Masters,Carlos Moya,ESP,(1976.08.27),(191cm)
2002,Masters 1000,Paris Masters,Marat Safin,Not available,(1980.01.27),(193cm)
2003,Grand Slam,Australian Open,Andre Agassi,USA,(1970.04.29),(180cm)
2003,Grand Slam,French Open,Juan Carlos Ferrero,ESP,(1980.02.12),(183cm)
2003,Grand Slam,Wimbledon,Roger Federer,SUI,(1981.08.08),(185cm)
2003,Grand Slam,US Open,Andy Roddick,USA,(1982.08.30),(188cm)
2003,Masters 1000,Indian Wells Masters,Lleyton Hewitt,AUS,(1981.02.24),(178cm)
2003,Masters 1000,Miami Open,Andre Agassi,USA,(1970.04.29),(180cm)
2003,Masters 1000,Monte-Carlo Masters,Juan Carlos Ferrero,ESP,(1980.02.12),(183cm)
2003,Masters 1000,Madrid Open,Juan Carlos Ferrero,ESP,(1980.02.12),(183cm)
2003,Masters 1000,Italian Open,Felix Mantilla,ESP,(1974.09.23),(180cm)
2003,Masters 1000,Canadian Open,Andy Roddick,USA,(1982.08.30),(188cm)
2003,Masters 1000,Cincinnati Masters,Andy Roddick,USA,(1982.08.30),(188cm)
2003,Masters 1000,Paris Masters,Tim Henman,GBR,(1974.09.06),(185cm)
2004,Grand Slam,Australian Open,Roger Federer,SUI,(1981.08.08),(185cm)
2004,Grand Slam,French Open,Gaston Gaudio,ARG,(1978.12.09),(175cm)
2004,Grand Slam,Wimbledon,Roger Federer,SUI,(1981.08.08),(185cm)
2004,Grand Slam,US Open,Roger Federer,SUI,(1981.08.08),(185cm)
2004,Masters 1000,Indian Wells Masters,Roger Federer,SUI,(1981.08.08),(185cm)
2004,Masters 1000,Miami Open,Andy Roddick,USA,(1982.08.30),(188cm)
2004,Masters 1000,Monte-Carlo Masters,Guillermo Coria,ARG,(1982.01.13),(175cm)
2004,Masters 1000,Madrid Open,Marat Safin,Not available,(1980.01.27),(193cm)
2004,Masters 1000,Italian Open,Carlos Moya,ESP,(1976.08.27),(191cm)
2004,Masters 1000,Canadian Open,Roger Federer,SUI,(1981.08.08),(185cm)
2004,Masters 1000,Cincinnati Masters,Andre Agassi,USA,(1970.04.29),(180cm)
2004,Masters 1000,Paris Masters,Marat Safin,Not available,(1980.01.27),(193cm)
2005,Grand Slam,Australian Open,Marat Safin,Not available,(1980.01.27),(193cm)
2005,Grand Slam,French Open,Rafael Nadal,ESP,37(1986.06.03),(185cm)
2005,Grand Slam,Wimbledon,Roger Federer,SUI,(1981.08.08),(185cm)
2005,Grand Slam,US Open,Roger Federer,SUI,(1981.08.08),(185cm)
2005,Masters 1000,Indian Wells Masters,Roger Federer,SUI,(1981.08.08),(185cm)
2005,Masters 1000,Miami Open,Roger Federer,SUI,(1981.08.08),(185cm)
2005,Masters 1000,Monte-Carlo Masters,Rafael Nadal,ESP,37(1986.06.03),(185cm)
2005,Masters 1000,Madrid Open,Rafael Nadal,ESP,37(1986.06.03),(185cm)
2005,Masters 1000,Italian Open,Rafael Nadal,ESP,37(1986.06.03),(185cm)
2005,Masters 1000,Canadian Open,Rafael Nadal,ESP,37(1986.06.03),(185cm)
2005,Masters 1000,Cincinnati Masters,Roger Federer,SUI,(1981.08.08),(185cm)
2005,Masters 1000,Paris Masters,Tomas Berdych,CZE,(1985.09.17),(196cm)
2006,Grand Slam,Australian Open,Roger Federer,SUI,(1981.08.08),(185cm)
2006,Grand Slam,French Open,Rafael Nadal,ESP,37(1986.06.03),(185cm)
2006,Grand Slam,Wimbledon,Roger Federer,SUI,(1981.08.08),(185cm)
2006,Grand Slam,US Open,Roger Federer,SUI,(1981.08.08),(185cm)
2006,Masters 1000,Indian Wells Masters,Roger Federer,SUI,(1981.08.08),(185cm)
2006,Masters 1000,Miami Open,Roger Federer,SUI,(1981.08.08),(185cm)
2006,Masters 1000,Monte-Carlo Masters,Rafael Nadal,ESP,37(1986.06.03),(185cm)
2006,Masters 1000,Madrid Open,Roger Federer,SUI,(1981.08.08),(185cm)
2006,Masters 1000,Italian Open,Rafael Nadal,ESP,37(1986.06.03),(185cm)
2006,Masters 1000,Canadian Open,Roger Federer,SUI,(1981.08.08),(185cm)
2006,Masters 1000,Cincinnati Masters,Andy Roddick,USA,(1982.08.30),(188cm)
2006,Masters 1000,Paris Masters,Nikolay Davydenko,Not available,(1981.06.02),(178cm)
2007,Grand Slam,Australian Open,Roger Federer,SUI,(1981.08.08),(185cm)
2007,Grand Slam,French Open,Rafael Nadal,ESP,37(1986.06.03),(185cm)
2007,Grand Slam,Wimbledon,Roger Federer,SUI,(1981.08.08),(185cm)
2007,Grand Slam,US Open,Roger Federer,SUI,(1981.08.08),(185cm)
2007,Masters 1000,Indian Wells Masters,Rafael Nadal,ESP,37(1986.06.03),(185cm)
2007,Masters 1000,Miami Open,Novak Djokovic,SRB,36(1987.05.22),(188cm)
2007,Masters 1000,Monte-Carlo Masters,Rafael Nadal,ESP,37(1986.06.03),(185cm)
2007,Masters 1000,Madrid Open,David Nalbandian,ARG,(1982.01.01),(180cm)
2007,Masters 1000,Italian Open,Rafael Nadal,ESP,37(1986.06.03),(185cm)
2007,Masters 1000,Canadian Open,Novak Djokovic,SRB,36(1987.05.22),(188cm)
2007,Masters 1000,Cincinnati Masters,Roger Federer,SUI,(1981.08.08),(185cm)
2007,Masters 1000,Paris Masters,David Nalbandian,ARG,(1982.01.01),(180cm)
2008,Grand Slam,Australian Open,Novak Djokovic,SRB,36(1987.05.22),(188cm)
2008,Grand Slam,French Open,Rafael Nadal,ESP,37(1986.06.03),(185cm)
2008,Grand Slam,Wimbledon,Rafael Nadal,ESP,37(1986.06.03),(185cm)
2008,Grand Slam,US Open,Roger Federer,SUI,(1981.08.08),(185cm)
2008,Masters 1000,Indian Wells Masters,Novak Djokovic,SRB,36(1987.05.22),(188cm)
2008,Masters 1000,Miami Open,Nikolay Davydenko,Not available,(1981.06.02),(178cm)
2008,Masters 1000,Monte-Carlo Masters,Rafael Nadal,ESP,37(1986.06.03),(185cm)
2008,Masters 1000,Madrid Open,Andy Murray,GBR,36(1987.05.15),(191cm)
2008,Masters 1000,Italian Open,Novak Djokovic,SRB,36(1987.05.22),(188cm)
2008,Masters 1000,Canadian Open,Rafael Nadal,ESP,37(1986.06.03),(185cm)
2008,Masters 1000,Cincinnati Masters,Andy Murray,GBR,36(1987.05.15),(191cm)
2008,Masters 1000,Paris Masters,Jo-Wilfried Tsonga,FRA,(1985.04.17),(188cm)
2009,Grand Slam,Australian Open,Rafael Nadal,ESP,37(1986.06.03),(185cm)
2009,Grand Slam,French Open,Roger Federer,SUI,(1981.08.08),(185cm)
2009,Grand Slam,Wimbledon,Roger Federer,SUI,(1981.08.08),(185cm)
2009,Grand Slam,US Open,Juan Martin del Potro,ARG,(1988.09.23),(198cm)
2009,Masters 1000,Indian Wells Masters,Rafael Nadal,ESP,37(1986.06.03),(185cm)
2009,Masters 1000,Miami Open,Andy Murray,GBR,36(1987.05.15),(191cm)
2009,Masters 1000,Monte-Carlo Masters,Rafael Nadal,ESP,37(1986.06.03),(185cm)
2009,Masters 1000,Madrid Open,Roger Federer,SUI,(1981.08.08),(185cm)
2009,Masters 1000,Italian Open,Rafael Nadal,ESP,37(1986.06.03),(185cm)
2009,Masters 1000,Canadian Open,Andy Murray,GBR,36(1987.05.15),(191cm)
2009,Masters 1000,Cincinnati Masters,Roger Federer,SUI,(1981.08.08),(185cm)
2009,Masters 1000,Shanghai Masters,Nikolay Davydenko,Not available,(1981.06.02),(178cm)
2009,Masters 1000,Paris Masters,Novak Djokovic,SRB,36(1987.05.22),(188cm)
2010,Grand Slam,Australian Open,Roger Federer,SUI,(1981.08.08),(185cm)
2010,Grand Slam,French Open,Rafael Nadal,ESP,37(1986.06.03),(185cm)
2010,Grand Slam,Wimbledon,Rafael Nadal,ESP,37(1986.06.03),(185cm)
2010,Grand Slam,US Open,Rafael Nadal,ESP,37(1986.06.03),(185cm)
2010,Masters 1000,Indian Wells Masters,Ivan Ljubicic,CRO,(1979.03.19),(193cm)
2010,Masters 1000,Miami Open,Andy Roddick,USA,(1982.08.30),(188cm)
2010,Masters 1000,Monte-Carlo Masters,Rafael Nadal,ESP,37(1986.06.03),(185cm)
2010,Masters 1000,Madrid Open,Rafael Nadal,ESP,37(1986.06.03),(185cm)
2010,Masters 1000,Italian Open,Rafael Nadal,ESP,37(1986.06.03),(185cm)
2010,Masters 1000,Canadian Open,Andy Murray,GBR,36(1987.05.15),(191cm)
2010,Masters 1000,Cincinnati Masters,Roger Federer,SUI,(1981.08.08),(185cm)
2010,Masters 1000,Shanghai Masters,Andy Murray,GBR,36(1987.05.15),(191cm)
2010,Masters 1000,Paris Masters,Robin Soderling,SWE,(1984.08.14),(193cm)
2011,Grand Slam,Australian Open,Novak Djokovic,SRB,36(1987.05.22),(188cm)
2011,Grand Slam,French Open,Rafael Nadal,ESP,37(1986.06.03),(185cm)
2011,Grand Slam,Wimbledon,Novak Djokovic,SRB,36(1987.05.22),(188cm)
2011,Grand Slam,US Open,Novak Djokovic,SRB,36(1987.05.22),(188cm)
2011,Masters 1000,Indian Wells Masters,Novak Djokovic,SRB,36(1987.05.22),(188cm)
2011,Masters 1000,Miami Open,Novak Djokovic,SRB,36(1987.05.22),(188cm)
2011,Masters 1000,Monte-Carlo Masters,Rafael Nadal,ESP,37(1986.06.03),(185cm)
2011,Masters 1000,Madrid Open,Novak Djokovic,SRB,36(1987.05.22),(188cm)
2011,Masters 1000,Italian Open,Novak Djokovic,SRB,36(1987.05.22),(188cm)
2011,Masters 1000,Canadian Open,Novak Djokovic,SRB,36(1987.05.22),(188cm)
2011,Masters 1000,Cincinnati Masters,Andy Murray,GBR,36(1987.05.15),(191cm)
2011,Masters 1000,Shanghai Masters,Andy Murray,GBR,36(1987.05.15),(191cm)
2011,Masters 1000,Paris Masters,Roger Federer,SUI,(1981.08.08),(185cm)
2012,Grand Slam,Australian Open,Novak Djokovic,SRB,36(1987.05.22),(188cm)
2012,Grand Slam,French Open,Rafael Nadal,ESP,37(1986.06.03),(185cm)
2012,Grand Slam,Wimbledon,Roger Federer,SUI,(1981.08.08),(185cm)
2012,Grand Slam,US Open,Andy Murray,GBR,36(1987.05.15),(191cm)
2012,Masters 1000,Indian Wells Masters,Roger Federer,SUI,(1981.08.08),(185cm)
2012,Masters 1000,Miami Open,Novak Djokovic,SRB,36(1987.05.22),(188cm)
2012,Masters 1000,Monte-Carlo Masters,Rafael Nadal,ESP,37(1986.06.03),(185cm)
2012,Masters 1000,Madrid Open,Roger Federer,SUI,(1981.08.08),(185cm)
2012,Masters 1000,Italian Open,Rafael Nadal,ESP,37(1986.06.03),(185cm)
2012,Masters 1000,Canadian Open,Novak Djokovic,SRB,36(1987.05.22),(188cm)
2012,Masters 1000,Cincinnati Masters,Roger Federer,SUI,(1981.08.08),(185cm)
2012,Masters 1000,Shanghai Masters,Novak Djokovic,SRB,36(1987.05.22),(188cm)
2012,Masters 1000,Paris Masters,David Ferrer,ESP,(1982.04.02),(175cm)
2013,Grand Slam,Australian Open,Novak Djokovic,SRB,36(1987.05.22),(188cm)
2013,Grand Slam,French Open,Rafael Nadal,ESP,37(1986.06.03),(185cm)
2013,Grand Slam,Wimbledon,Andy Murray,GBR,36(1987.05.15),(191cm)
2013,Grand Slam,US Open,Rafael Nadal,ESP,37(1986.06.03),(185cm)
2013,Masters 1000,Indian Wells Masters,Rafael Nadal,ESP,37(1986.06.03),(185cm)
2013,Masters 1000,Miami Open,Andy Murray,GBR,36(1987.05.15),(191cm)
2013,Masters 1000,Monte-Carlo Masters,Novak Djokovic,SRB,36(1987.05.22),(188cm)
2013,Masters 1000,Madrid Open,Rafael Nadal,ESP,37(1986.06.03),(185cm)
2013,Masters 1000,Italian Open,Rafael Nadal,ESP,37(1986.06.03),(185cm)
2013,Masters 1000,Canadian Open,Rafael Nadal,ESP,37(1986.06.03),(185cm)
2013,Masters 1000,Cincinnati Masters,Rafael Nadal,ESP,37(1986.06.03),(185cm)
2013,Masters 1000,Shanghai Masters,Novak Djokovic,SRB,36(1987.05.22),(188cm)
2013,Masters 1000,Paris Masters,Novak Djokovic,SRB,36(1987.05.22),(188cm)
2014,Grand Slam,Australian Open,Stan Wawrinka,SUI,38(1985.03.28),(183cm)
2014,Grand Slam,French Open,Rafael Nadal,ESP,37(1986.06.03),(185cm)
2014,Grand Slam,Wimbledon,Novak Djokovic,SRB,36(1987.05.22),(188cm)
2014,Grand Slam,US Open,Marin Cilic,CRO,35(1988.09.28),(198cm)
2014,Masters 1000,Indian Wells Masters,Novak Djokovic,SRB,36(1987.05.22),(188cm)
2014,Masters 1000,Miami Open,Novak Djokovic,SRB,36(1987.05.22),(188cm)
2014,Masters 1000,Monte-Carlo Masters,Stan Wawrinka,SUI,38(1985.03.28),(183cm)
2014,Masters 1000,Madrid Open,Rafael Nadal,ESP,37(1986.06.03),(185cm)
2014,Masters 1000,Italian Open,Novak Djokovic,SRB,36(1987.05.22),(188cm)
2014,Masters 1000,Canadian Open,Jo-Wilfried Tsonga,FRA,(1985.04.17),(188cm)
2014,Masters 1000,Cincinnati Masters,Roger Federer,SUI,(1981.08.08),(185cm)
2014,Masters 1000,Shanghai Masters,Roger Federer,SUI,(1981.08.08),(185cm)
2014,Masters 1000,Paris Masters,Novak Djokovic,SRB,36(1987.05.22),(188cm)
2015,Grand Slam,Australian Open,Novak Djokovic,SRB,36(1987.05.22),(188cm)
2015,Grand Slam,French Open,Stan Wawrinka,SUI,38(1985.03.28),(183cm)
2015,Grand Slam,Wimbledon,Novak Djokovic,SRB,36(1987.05.22),(188cm)
2015,Grand Slam,US Open,Novak Djokovic,SRB,36(1987.05.22),(188cm)
2015,Masters 1000,Indian Wells Masters,Novak Djokovic,SRB,36(1987.05.22),(188cm)
2015,Masters 1000,Miami Open,Novak Djokovic,SRB,36(1987.05.22),(188cm)
2015,Masters 1000,Monte-Carlo Masters,Novak Djokovic,SRB,36(1987.05.22),(188cm)
2015,Masters 1000,Madrid Open,Andy Murray,GBR,36(1987.05.15),(191cm)
2015,Masters 1000,Italian Open,Novak Djokovic,SRB,36(1987.05.22),(188cm)
2015,Masters 1000,Canadian Open,Andy Murray,GBR,36(1987.05.15),(191cm)
2015,Masters 1000,Cincinnati Masters,Roger Federer,SUI,(1981.08.08),(185cm)
2015,Masters 1000,Shanghai Masters,Novak Djokovic,SRB,36(1987.05.22),(188cm)
2015,Masters 1000,Paris Masters,Novak Djokovic,SRB,36(1987.05.22),(188cm)
2016,Grand Slam,Australian Open,Novak Djokovic,SRB,36(1987.05.22),(188cm)
2016,Grand Slam,French Open,Novak Djokovic,SRB,36(1987.05.22),(188cm)
2016,Grand Slam,Wimbledon,Andy Murray,GBR,36(1987.05.15),(191cm)
2016,Grand Slam,US Open,Stan Wawrinka,SUI,38(1985.03.28),(183cm)
2016,Masters 1000,Indian Wells Masters,Novak Djokovic,SRB,36(1987.05.22),(188cm)
2016,Masters 1000,Miami Open,Novak Djokovic,SRB,36(1987.05.22),(188cm)
2016,Masters 1000,Monte-Carlo Masters,Rafael Nadal,ESP,37(1986.06.03),(185cm)
2016,Masters 1000,Madrid Open,Novak Djokovic,SRB,36(1987.05.22),(188cm)
2016,Masters 1000,Italian Open,Andy Murray,GBR,36(1987.05.15),(191cm)
2016,Masters 1000,Canadian Open,Novak Djokovic,SRB,36(1987.05.22),(188cm)
2016,Masters 1000,Cincinnati Masters,Marin Cilic,CRO,35(1988.09.28),(198cm)
2016,Masters 1000,Shanghai Masters,Andy Murray,GBR,36(1987.05.15),(191cm)
2016,Masters 1000,Paris Masters,Andy Murray,GBR,36(1987.05.15),(191cm)
2017,Grand Slam,Australian Open,Roger Federer,SUI,(1981.08.08),(185cm)
2017,Grand Slam,French Open,Rafael Nadal,ESP,37(1986.06.03),(185cm)
2017,Grand Slam,Wimbledon,Roger Federer,SUI,(1981.08.08),(185cm)
2017,Grand Slam,US Open,Rafael Nadal,ESP,37(1986.06.03),(185cm)
2017,Masters 1000,Indian Wells Masters,Roger Federer,SUI,(1981.08.08),(185cm)
2017,Masters 1000,Miami Open,Roger Federer,SUI,(1981.08.08),(185cm)
2017,Masters 1000,Monte-Carlo Masters,Rafael Nadal,ESP,37(1986.06.03),(185cm)
2017,Masters 1000,Madrid Open,Rafael Nadal,ESP,37(1986.06.03),(185cm)
2017,Masters 1000,Italian Open,Alexander Zverev,GER,26(1997.04.20),(198cm)
2017,Masters 1000,Canadian Open,Alexander Zverev,GER,26(1997.04.20),(198cm)
2017,Masters 1000,Cincinnati Masters,Grigor Dimitrov,BUL,32(1991.05.16),(191cm)
2017,Masters 1000,Shanghai Masters,Roger Federer,SUI,(1981.08.08),(185cm)
2017,Masters 1000,Paris Masters,Jack Sock,USA,31(1992.09.24),(191cm)
2018,Grand Slam,Australian Open,Roger Federer,SUI,(1981.08.08),(185cm)
2018,Grand Slam,French Open,Rafael Nadal,ESP,37(1986.06.03),(185cm)
2018,Grand Slam,Wimbledon,Novak Djokovic,SRB,36(1987.05.22),(188cm)
2018,Grand Slam,US Open,Novak Djokovic,SRB,36(1987.05.22),(188cm)
2018,Masters 1000,Indian Wells Masters,Juan Martin del Potro,ARG,(1988.09.23),(198cm)
2018,Masters 1000,Miami Open,John Isner,USA,38(1985.04.26),(208cm)
2018,Masters 1000,Monte-Carlo Masters,Rafael Nadal,ESP,37(1986.06.03),(185cm)
2018,Masters 1000,Madrid Open,Alexander Zverev,GER,26(1997.04.20),(198cm)
2018,Masters 1000,Italian Open,Rafael Nadal,ESP,37(1986.06.03),(185cm)
2018,Masters 1000,Canadian Open,Rafael Nadal,ESP,37(1986.06.03),(185cm)
2018,Masters 1000,Cincinnati Masters,Novak Djokovic,SRB,36(1987.05.22),(188cm)
2018,Masters 1000,Shanghai Masters,Novak Djokovic,SRB,36(1987.05.22),(188cm)
2018,Masters 1000,Paris Masters,Karen Khachanov,Not available,27(1996.05.21),(198cm)
2019,Grand Slam,Australian Open,Novak Djokovic,SRB,36(1987.05.22),(188cm)
2019,Grand Slam,French Open,Rafael Nadal,ESP,37(1986.06.03),(185cm)
2019,Grand Slam,Wimbledon,Novak Djokovic,SRB,36(1987.05.22),(188cm)
2019,Grand Slam,US Open,Rafael Nadal,ESP,37(1986.06.03),(185cm)
2019,Masters 1000,Indian Wells Masters,Dominic Thiem,AUT,30(1993.09.03),(185cm)
2019,Masters 1000,Miami Open,Roger Federer,SUI,(1981.08.08),(185cm)
2019,Masters 1000,Monte-Carlo Masters,Fabio Fognini,ITA,36(1987.05.24),(178cm)
2019,Masters 1000,Madrid Open,Novak Djokovic,SRB,36(1987.05.22),(188cm)
2019,Masters 1000,Italian Open,Rafael Nadal,ESP,37(1986.06.03),(185cm)
2019,Masters 1000,Canadian Open,Rafael Nadal,ESP,37(1986.06.03),(185cm)
2019,Masters 1000,Cincinnati Masters,Daniil Medvedev,Not available,27(1996.02.11),(198cm)
2019,Masters 1000,Shanghai Masters,Daniil Medvedev,Not available,27(1996.02.11),(198cm)
2019,Masters 1000,Paris Masters,Novak Djokovic,SRB,36(1987.05.22),(188cm)
2020,Grand Slam,Australian Open,Novak Djokovic,SRB,36(1987.05.22),(188cm)
2020,Grand Slam,French Open,Rafael Nadal,ESP,37(1986.06.03),(185cm)
2020,Grand Slam,US Open,Dominic Thiem,AUT,30(1993.09.03),(185cm)
2020,Masters 1000,Italian Open,Novak Djokovic,SRB,36(1987.05.22),(188cm)
2020,Masters 1000,Cincinnati Masters,Novak Djokovic,SRB,36(1987.05.22),(188cm)
2020,Masters 1000,Paris Masters,Daniil Medvedev,Not available,27(1996.02.11),(198cm)
2021,Grand Slam,Australian Open,Novak Djokovic,SRB,36(1987.05.22),(188cm)
2021,Grand Slam,French Open,Novak Djokovic,SRB,36(1987.05.22),(188cm)
2021,Grand Slam,Wimbledon,Novak Djokovic,SRB,36(1987.05.22),(188cm)
2021,Grand Slam,US Open,Daniil Medvedev,Not available,27(1996.02.11),(198cm)
2021,Masters 1000,Indian Wells Masters,Cameron Norrie,GBR,28(1995.08.23),(188cm)
2021,Masters 1000,Miami Open,Hubert Hurkacz,POL,26(1997.02.11),(196cm)
2021,Masters 1000,Monte-Carlo Masters,Stefanos Tsitsipas,GRE,25(1998.08.12),(193cm)
2021,Masters 1000,Madrid Open,Alexander Zverev,GER,26(1997.04.20),(198cm)
2021,Masters 1000,Italian Open,Rafael Nadal,ESP,37(1986.06.03),(185cm)
2021,Masters 1000,Canadian Open,Daniil Medvedev,Not available,27(1996.02.11),(198cm)
2021,Masters 1000,Cincinnati Masters,Alexander Zverev,GER,26(1997.04.20),(198cm)
2021,Masters 1000,Paris Masters,Novak Djokovic,SRB,36(1987.05.22),(188cm)
2022,Grand Slam,Australian Open,Rafael Nadal,ESP,37(1986.06.03),(185cm)
2022,Grand Slam,French Open,Rafael Nadal,ESP,37(1986.06.03),(185cm)
2022,Grand Slam,Wimbledon,Novak Djokovic,SRB,36(1987.05.22),(188cm)
2022,Grand Slam,US Open,Carlos Alcaraz,ESP,20(2003.05.05),(183cm)
2022,Masters 1000,Indian Wells Masters,Taylor Fritz,USA,26(1997.10.28),(196cm)
2022,Masters 1000,Miami Open,Carlos Alcaraz,ESP,20(2003.05.05),(183cm)
2022,Masters 1000,Monte-Carlo Masters,Stefanos Tsitsipas,GRE,25(1998.08.12),(193cm)
2022,Masters 1000,Madrid Open,Carlos Alcaraz,ESP,20(2003.05.05),(183cm)
2022,Masters 1000,Italian Open,Novak Djokovic,SRB,36(1987.05.22),(188cm)
2022,Masters 1000,Canadian Open,Pablo Carreno Busta,ESP,32(1991.07.12),(188cm)
2022,Masters 1000,Cincinnati Masters,Borna Coric,CRO,27(1996.11.14),(188cm)
2022,Masters 1000,Paris Masters,Holger Rune,DEN,20(2003.04.29),(188cm)
2023,Grand Slam,Australian Open,Novak Djokovic,SRB,36(1987.05.22),(188cm)
2023,Grand Slam,French Open,Novak Djokovic,SRB,36(1987.05.22),(188cm)
2023,Grand Slam,Wimbledon,Carlos Alcaraz,ESP,20(2003.05.05),(183cm)
2023,Grand Slam,US Open,Novak Djokovic,SRB,36(1987.05.22),(188cm)
2023,Masters 1000,Indian Wells Masters,Carlos Alcaraz,ESP,20(2003.05.05),(183cm)
2023,Masters 1000,Miami Open,Daniil Medvedev,Not available,27(1996.02.11),(198cm)
2023,Masters 1000,Monte-Carlo Masters,Andrey Rublev,Not available,26(1997.10.20),(188cm)
2023,Masters 1000,Madrid Open,Carlos Alcaraz,ESP,20(2003.05.05),(183cm)
2023,Masters 1000,Italian Open,Daniil Medvedev,Not available,27(1996.02.11),(198cm)
2023,Masters 1000,Canadian Open,Jannik Sinner,ITA,22(2001.08.16),(188cm)
2023,Masters 1000,Cincinnati Masters,Novak Djokovic,SRB,36(1987.05.22),(188cm)
2023,Masters 1000,Shanghai Masters,Hubert Hurkacz,POL,26(1997.02.11),(196cm)
2023,Masters 1000,Paris Masters,Novak Djokovic,SRB,36(1987.05.22),(188cm)
